<?xml version="1.0" encoding="UTF-8"?>

<RelatedPerson xmlns="http://hl7.org/fhir">
  <id value="ex-father"/>
  <meta>
    <profile value="http://johnmoehrke.github.io/RelatedPersonConsent/StructureDefinition/AuthorizedRelatedPerson"/>
    <security>
      <system value="http://terminology.hl7.org/CodeSystem/v3-ActReason"/>
      <code value="HTEST"/>
    </security>
  </meta>
  <text>
    <status value="extensions"/><div xmlns="http://www.w3.org/1999/xhtml"><p><b>Generated Narrative</b></p><div style="display: inline-block; background-color: #d9e0e7; padding: 6px; margin: 4px; border: 1px solid #8da1b4; border-radius: 5px; line-height: 60%"><p style="margin-bottom: 0px">Resource "ex-father" </p><p style="margin-bottom: 0px">Profile: <a href="StructureDefinition-AuthorizedRelatedPerson.html">Authorized RelatedPerson</a></p><p style="margin-bottom: 0px">Security Labels: <span title="{http://terminology.hl7.org/CodeSystem/v3-ActReason http://terminology.hl7.org/CodeSystem/v3-ActReason}">http://terminology.hl7.org/CodeSystem/v3-ActReason</span></p></div><p><b>Extension that points at an authorizing Consent</b>: <a href="Consent-ex-consent.html">Consent/ex-consent</a></p><p><b>active</b>: true</p><p><b>patient</b>: <a href="Patient-ex-patient.html">Patient/ex-patient</a> " SCHMIDT"</p><p><b>relationship</b>: father <span style="background: LightGoldenRodYellow; margin: 4px; border: 1px solid khaki"> (<a href="http://terminology.hl7.org/3.1.0/CodeSystem-v3-RoleCode.html">RoleCode</a>#FTH)</span></p><p><b>name</b>: John Jacob Jingleheimer Schmidt (OFFICIAL)</p><p><b>gender</b>: male</p></div>
  </text>
  <extension url="http://johnmoehrke.github.io/RelatedPersonConsent/StructureDefinition/JFM-authorizingConsent">
    <valueReference>
      <reference value="Consent/ex-consent"/>
    </valueReference>
  </extension>
  <active value="true"/>
  <patient>
    <reference value="Patient/ex-patient"/>
  </patient>
  <relationship>
    <coding>
      <system value="http://terminology.hl7.org/CodeSystem/v3-RoleCode"/>
      <code value="FTH"/>
      <display value="father"/>
    </coding>
  </relationship>
  <name>
    <use value="official"/>
    <family value="Schmidt"/>
    <given value="John"/>
    <given value="Jacob"/>
    <given value="Jingleheimer"/>
  </name>
  <gender value="male"/>
</RelatedPerson>