<?xml version="1.0" encoding="UTF-8"?>

<Consent xmlns="http://hl7.org/fhir">
  <id value="ex-consent"/>
  <meta>
    <profile value="http://johnmoehrke.github.io/RelatedPersonConsent/StructureDefinition/RelatedPersonConsent"/>
    <security>
      <system value="http://terminology.hl7.org/CodeSystem/v3-ActReason"/>
      <code value="HTEST"/>
    </security>
  </meta>
  <text>
    <status value="generated"/><div xmlns="http://www.w3.org/1999/xhtml"><p><b>Generated Narrative</b></p><div style="display: inline-block; background-color: #d9e0e7; padding: 6px; margin: 4px; border: 1px solid #8da1b4; border-radius: 5px; line-height: 60%"><p style="margin-bottom: 0px">Resource "ex-consent" </p><p style="margin-bottom: 0px">Profile: <a href="StructureDefinition-RelatedPersonConsent.html">Consent profile for a RelatedPerson relationship</a></p><p style="margin-bottom: 0px">Security Labels: <span title="{http://terminology.hl7.org/CodeSystem/v3-ActReason http://terminology.hl7.org/CodeSystem/v3-ActReason}">http://terminology.hl7.org/CodeSystem/v3-ActReason</span></p></div><p><b>status</b>: active</p><p><b>scope</b>: Privacy Consent <span style="background: LightGoldenRodYellow; margin: 4px; border: 1px solid khaki"> (<a href="http://hl7.org/fhir/4.3.0-snapshot1/codesystem-consent-scope.html">Consent Scope Codes</a>#patient-privacy)</span></p><p><b>category</b>: Authorizing Consent for a Related Person <span style="background: LightGoldenRodYellow; margin: 4px; border: 1px solid khaki"> (<a href="CodeSystem-AuthorizedCodes.html">Consent type that is authorizing a RelatedPerson</a>#RelatedPersonAuthorizing)</span>, Release of information consent <span style="background: LightGoldenRodYellow; margin: 4px; border: 1px solid khaki"> (<a href="https://loinc.org/">LOINC</a>#64292-6)</span>, information disclosure <span style="background: LightGoldenRodYellow; margin: 4px; border: 1px solid khaki"> (<a href="http://terminology.hl7.org/3.1.0/CodeSystem-v3-ActCode.html">ActCode</a>#IDSCL)</span></p><p><b>patient</b>: <a href="Patient-ex-patient.html">Patient/ex-patient</a> " SCHMIDT"</p><p><b>dateTime</b>: 2022-06-13</p><p><b>performer</b>: <a href="Patient-ex-patient.html">Patient/ex-patient</a> " SCHMIDT"</p><p><b>organization</b>: <a href="Organization-ex-organization.html">Organization/ex-organization</a> "somewhere org"</p><p><b>source</b>: <a href="DocumentReference-ex-documentreference.html">DocumentReference/ex-documentreference</a></p><h3>Policies</h3><table class="grid"><tr><td>-</td><td><b>Uri</b></td></tr><tr><td>*</td><td><a href="http://example.org/policies/representative.xacml">http://example.org/policies/representative.xacml</a></td></tr></table><blockquote><p><b>provision</b></p><p><b>type</b>: permit</p><h3>Actors</h3><table class="grid"><tr><td>-</td><td><b>Role</b></td><td><b>Reference</b></td></tr><tr><td>*</td><td>delegatee <span style="background: LightGoldenRodYellow; margin: 4px; border: 1px solid khaki"> (<a href="http://terminology.hl7.org/3.1.0/CodeSystem-v3-RoleCode.html">RoleCode</a>#DELEGATEE)</span></td><td><a href="RelatedPerson-ex-father.html">RelatedPerson/ex-father</a> " SCHMIDT"</td></tr></table><p><b>purpose</b>: family requested (Details: http://terminology.hl7.org/CodeSystem/v3-ActReason code FAMRQT = 'family requested', stated as 'null')</p></blockquote></div>
  </text>
  <status value="active"/>
  <scope>
    <coding>
      <system value="http://terminology.hl7.org/CodeSystem/consentscope"/>
      <code value="patient-privacy"/>
    </coding>
  </scope>
  <category>
    <coding>
      <system value="http://johnmoehrke.github.io/RelatedPersonConsent/CodeSystem/AuthorizedCodes"/>
      <code value="RelatedPersonAuthorizing"/>
    </coding>
  </category>
  <category>
    <coding>
      <system value="http://loinc.org"/>
      <code value="64292-6"/>
      <display value="Release of information consent"/>
    </coding>
  </category>
  <category>
    <coding>
      <system value="http://terminology.hl7.org/CodeSystem/v3-ActCode"/>
      <code value="IDSCL"/>
    </coding>
  </category>
  <patient>
    <reference value="Patient/ex-patient"/>
  </patient>
  <dateTime value="2022-06-13"/>
  <performer>
    <reference value="Patient/ex-patient"/>
  </performer>
  <organization>
    <reference value="Organization/ex-organization"/>
  </organization>
  <sourceReference>
    <reference value="DocumentReference/ex-documentreference"/>
  </sourceReference>
  <policy>
    <uri value="http://example.org/policies/representative.xacml"/>
  </policy>
  <provision>
    <type value="permit"/>
    <actor>
      <role>
        <coding>
          <system value="http://terminology.hl7.org/CodeSystem/v3-RoleCode"/>
          <code value="DELEGATEE"/>
        </coding>
      </role>
      <reference>
        <reference value="RelatedPerson/ex-father"/>
      </reference>
    </actor>
    <purpose>
      <system value="http://terminology.hl7.org/CodeSystem/v3-ActReason"/>
      <code value="FAMRQT"/>
    </purpose>
  </provision>
</Consent>