{
  "resourceType" : "Bundle",
  "id" : "38775957-002e-4e7b-9db4-55f35d427809",
  "meta" : {
    "lastUpdated" : "2022-06-17T07:29:17.241-05:00"
  },
  "type" : "collection",
  "entry" : [{
    "fullUrl" : "http://johnmoehrke.github.io/RelatedPersonConsent/ValueSet/AuthPurposesVS",
    "resource" : {
      "resourceType" : "ValueSet",
      "id" : "AuthPurposesVS",
      "text" : {
        "status" : "generated",
        "div" : "<div xmlns=\"http://www.w3.org/1999/xhtml\"><p>This value set contains 1 concepts</p><p style=\"border: black 1px dotted; background-color: #EEEEEE; padding: 8px; margin-bottom: 8px\">Expansion based on <a href=\"http://terminology.hl7.org/3.1.0/CodeSystem-v3-ActReason.html\">ActReason v2.1.0 (CodeSystem)</a></p><p>All codes in this table are from the system <a href=\"http://terminology.hl7.org/3.1.0/CodeSystem-v3-ActReason.html\"><code>http://terminology.hl7.org/CodeSystem/v3-ActReason</code></a></p><table class=\"codes\"><tr><td style=\"white-space:nowrap\"><b>Code</b></td><td><b>Display</b></td><td><b>Definition</b></td></tr><tr><td style=\"white-space:nowrap\"><a name=\"http---terminology.hl7.org-CodeSystem-v3-ActReason-FAMRQT\"> </a>  <a href=\"http://terminology.hl7.org/3.1.0/CodeSystem-v3-ActReason.html#v3-ActReason-FAMRQT\">FAMRQT</a></td><td>family requested</td><td>To perform one or more operations on information in response to a request by a family member authorized by the patient.</td></tr></table></div>"
      },
      "url" : "http://johnmoehrke.github.io/RelatedPersonConsent/ValueSet/AuthPurposesVS",
      "version" : "0.1.0",
      "name" : "AuthPurposesVS",
      "title" : "Authorization purposes for delegation access valueset",
      "status" : "active",
      "date" : "2022-06-17T07:29:17-05:00",
      "publisher" : "John Moehrke (himself)",
      "contact" : [{
        "name" : "John Moehrke (himself)",
        "telecom" : [{
          "system" : "url",
          "value" : "http://healthcaresecprivacy.blogspot.com"
        },
        {
          "system" : "email",
          "value" : "JohnMoehrke@gmail.com"
        }]
      },
      {
        "name" : "John Moehrke (himself)",
        "telecom" : [{
          "system" : "email",
          "value" : "JohnMoehrke@gmail.com"
        }]
      }],
      "description" : "ValueSet of the Authorized purposesOfUse types",
      "jurisdiction" : [{
        "coding" : [{
          "system" : "http://unstats.un.org/unsd/methods/m49/m49.htm",
          "code" : "001"
        }]
      }],
      "expansion" : {
        "identifier" : "urn:uuid:01c5fbae-0661-4ef2-b7ad-8a7e6e34a852",
        "timestamp" : "2022-06-17T07:29:34-05:00",
        "total" : 1,
        "parameter" : [{
          "name" : "excludeNested",
          "valueBoolean" : false
        },
        {
          "name" : "version",
          "valueUri" : "http://terminology.hl7.org/CodeSystem/v3-ActReason|2.1.0"
        }],
        "contains" : [{
          "system" : "http://terminology.hl7.org/CodeSystem/v3-ActReason",
          "code" : "FAMRQT",
          "display" : "family requested"
        }]
      }
    }
  }]
}