{
  "package": "johnmoehrke.relatedpersonconsent.example",
  "version": "0.1.0",
  "fhirVersion": "4.3.0",
  "jurisdiction": "001",
  "extensions": [
    {
      "url": "http://johnmoehrke.github.io/RelatedPersonConsent/StructureDefinition/JFM-authorizingConsent",
      "title": "Extension that points at an authorizing Consent",
      "types": [
        "Reference",
        "Reference"
      ]
    }
  ],
  "profiles": {
    "RelatedPerson": [
      {
        "url": "http://johnmoehrke.github.io/RelatedPersonConsent/StructureDefinition/AuthorizedRelatedPerson",
        "title": "Authorized RelatedPerson"
      }
    ],
    "Consent": [
      {
        "url": "http://johnmoehrke.github.io/RelatedPersonConsent/StructureDefinition/RelatedPersonConsent",
        "title": "Consent profile for a RelatedPerson relationship"
      }
    ]
  },
  "usage": {
    "http://hl7.org/fhir/StructureDefinition/elementdefinition-bestpractice": [
      "StructureDefinition.snapshot.element.constraint"
    ],
    "http://hl7.org/fhir/StructureDefinition/elementdefinition-bestpractice-explanation": [
      "StructureDefinition.snapshot.element.constraint"
    ],
    "http://hl7.org/fhir/StructureDefinition/elementdefinition-bindingName": [
      "StructureDefinition.snapshot.element.binding"
    ],
    "http://hl7.org/fhir/StructureDefinition/elementdefinition-isCommonBinding": [
      "StructureDefinition.snapshot.element.binding"
    ],
    "http://hl7.org/fhir/StructureDefinition/elementdefinition-maxValueSet": [
      "StructureDefinition.snapshot.element.binding"
    ],
    "http://hl7.org/fhir/StructureDefinition/structuredefinition-explicit-type-name": [
      "StructureDefinition.snapshot.element"
    ],
    "http://hl7.org/fhir/StructureDefinition/structuredefinition-fhir-type": [
      "StructureDefinition.snapshot.element.type"
    ],
    "http://hl7.org/fhir/StructureDefinition/structuredefinition-security-category": [
      "StructureDefinition"
    ],
    "http://hl7.org/fhir/tools/StructureDefinition/resource-information": [
      "ImplementationGuide.definition.resource"
    ],
    "http://johnmoehrke.github.io/RelatedPersonConsent/StructureDefinition/JFM-authorizingConsent": [
      "RelatedPerson"
    ]
  }
}