<?xml version="1.0" encoding="UTF-8"?>

<ValueSet xmlns="http://hl7.org/fhir">
  <id value="AuthPurposesVS"/>
  <text>
    <status value="extensions"/><div xmlns="http://www.w3.org/1999/xhtml"><ul><li>Include these codes as defined in <a href="http://terminology.hl7.org/3.1.0/CodeSystem-v3-ActReason.html"><code>http://terminology.hl7.org/CodeSystem/v3-ActReason</code></a><table class="none"><tr><td style="white-space:nowrap"><b>Code</b></td><td><b>Display</b></td><td><b>Definition</b></td></tr><tr><td><a href="http://terminology.hl7.org/3.1.0/CodeSystem-v3-ActReason.html#v3-ActReason-FAMRQT">FAMRQT</a></td><td>family requested</td><td>To perform one or more operations on information in response to a request by a family member authorized by the patient.</td></tr></table></li></ul></div>
  </text>
  <url value="http://johnmoehrke.github.io/RelatedPersonConsent/ValueSet/AuthPurposesVS"/>
  <version value="0.1.0"/>
  <name value="AuthPurposesVS"/>
  <title value="Authorization purposes for delegation access valueset"/>
  <status value="active"/>
  <date value="2022-06-17T07:29:17-05:00"/>
  <publisher value="John Moehrke (himself)"/>
  <contact>
    <name value="John Moehrke (himself)"/>
    <telecom>
      <system value="url"/>
      <value value="http://healthcaresecprivacy.blogspot.com"/>
    </telecom>
    <telecom>
      <system value="email"/>
      <value value="JohnMoehrke@gmail.com"/>
    </telecom>
  </contact>
  <contact>
    <name value="John Moehrke (himself)"/>
    <telecom>
      <system value="email"/>
      <value value="JohnMoehrke@gmail.com"/>
    </telecom>
  </contact>
  <description value="ValueSet of the Authorized purposesOfUse types"/>
  <jurisdiction>
    <coding>
      <system value="http://unstats.un.org/unsd/methods/m49/m49.htm"/>
      <code value="001"/>
    </coding>
  </jurisdiction>
  <compose>
    <include>
      <system value="http://terminology.hl7.org/CodeSystem/v3-ActReason"/>
      <concept>
        <code value="FAMRQT"/>
      </concept>
    </include>
  </compose>
</ValueSet>