"Profile","Id","Path","Slice Name","Alias(s)","Label","Min","Max","Must Support?","Is Modifier?","Is Summary?","Type(s)","Short","Definition","Comments","Requirements","Default Value","Meaning When Missing","Fixed Value","Pattern","Example","Minimum Value","Maximum Value","Maximum Length","Binding Strength","Binding Description","Binding Value Set","Code","Slicing Discriminator","Slicing Description","Slicing Ordered","Slicing Rules","Base Path","Base Min","Base Max","Condition(s)","Constraint(s)"
"AuthorizedRelatedPerson","RelatedPerson","RelatedPerson","","","",0,*,"","","","null {[]} {[]}
","A person that is related to a patient, but who is not a direct target of care","Information about a person that is involved in the care for a patient, but who is not the target of healthcare, nor has a formal responsibility in the care process.","","","","","","","","","",,,,,"",,,,"RelatedPerson",0,*,"","dom-2:If the resource is contained in another resource, it SHALL NOT contain nested Resources {contained.contained.empty()}
dom-3:If the resource is contained in another resource, it SHALL be referred to from elsewhere in the resource or SHALL refer to the containing resource {contained.where((('#'+id in (%resource.descendants().reference | %resource.descendants().as(canonical) | %resource.descendants().as(uri) | %resource.descendants().as(url))) or descendants().where(reference = '#').exists() or descendants().where(as(canonical) = '#').exists() or descendants().where(as(canonical) = '#').exists()).not()).trace('unmatched', id).empty()}dom-4:If a resource is contained in another resource, it SHALL NOT have a meta.versionId or a meta.lastUpdated {contained.meta.versionId.empty() and contained.meta.lastUpdated.empty()}dom-5:If a resource is contained in another resource, it SHALL NOT have a security label {contained.meta.security.empty()}dom-6:A resource should have narrative for robust management {text.`div`.exists()}"
"AuthorizedRelatedPerson","RelatedPerson.id","RelatedPerson.id","","","",0,1,"","","Y","id {[]} {[]}
","Logical id of this artifact","The logical id of the resource, as used in the URL for the resource. Once assigned, this value never changes.","The only time that a resource does not have an id is when it is being submitted to the server using a create operation.","","","","","","","","",,,,,"",,,,"Resource.id",0,1,"",""
"AuthorizedRelatedPerson","RelatedPerson.meta","RelatedPerson.meta","","","",0,1,"","","Y","Meta {[]} {[]}
","Metadata about the resource","The metadata about the resource. This is content that is maintained by the infrastructure. Changes to the content might not always be associated with version changes to the resource.","","","","","","","","","",,,,,"",,,,"Resource.meta",0,1,"","ele-1:All FHIR elements must have a @value or children {hasValue() or (children().count() > id.count())}
"
"AuthorizedRelatedPerson","RelatedPerson.implicitRules","RelatedPerson.implicitRules","","","",0,1,"","Y","Y","uri {[]} {[]}
","A set of rules under which this content was created","A reference to a set of rules that were followed when the resource was constructed, and which must be understood when processing the content. Often, this is a reference to an implementation guide that defines the special rules along with other profiles etc.","Asserting this rule set restricts the content to be only understood by a limited set of trading partners. This inherently limits the usefulness of the data in the long term. However, the existing health eco-system is highly fractured, and not yet ready to define, collect, and exchange data in a generally computable sense. Wherever possible, implementers and/or specification writers should avoid using this element. Often, when used, the URL is a reference to an implementation guide that defines these special rules as part of it's narrative along with other profiles, value sets, etc.","","","","","","","","",,,,,"",,,,"Resource.implicitRules",0,1,"","ele-1:All FHIR elements must have a @value or children {hasValue() or (children().count() > id.count())}
"
"AuthorizedRelatedPerson","RelatedPerson.language","RelatedPerson.language","","","",0,1,"","","","code {[]} {[]}
","Language of the resource content","The base language in which the resource is written.","Language is provided to support indexing and accessibility (typically, services such as text to speech use the language tag). The html language tag in the narrative applies  to the narrative. The language tag on the resource may be used to specify the language of other presentations generated from the data in the resource. Not all the content has to be in the base language. The Resource.language should not be assumed to apply to the narrative automatically. If a language is specified, it should it also be specified on the div element in the html (see rules in HTML5 for information about the relationship between xml:lang and the html lang attribute).","","","","","","","","",,"preferred","A human language.","http://hl7.org/fhir/ValueSet/languages|4.0.1","",,,,"Resource.language",0,1,"","ele-1:All FHIR elements must have a @value or children {hasValue() or (children().count() > id.count())}
"
"AuthorizedRelatedPerson","RelatedPerson.text","RelatedPerson.text","","narrative
htmlxhtmldisplay","",0,1,"","","","Narrative {[]} {[]}
","Text summary of the resource, for human interpretation","A human-readable narrative that contains a summary of the resource and can be used to represent the content of the resource to a human. The narrative need not encode all the structured data, but is required to contain sufficient detail to make it ""clinically safe"" for a human to just read the narrative. Resource definitions may define what content should be represented in the narrative to ensure clinical safety.","Contained resources do not have narrative. Resources that are not contained SHOULD have a narrative. In some cases, a resource may only have text with little or no additional discrete data (as long as all minOccurs=1 elements are satisfied).  This may be necessary for data from legacy systems where information is captured as a ""text blob"" or where text is additionally entered raw or narrated and encoded information is added later.","","","","","","","","",,,,,"",,,,"DomainResource.text",0,1,"","ele-1:All FHIR elements must have a @value or children {hasValue() or (children().count() > id.count())}
"
"AuthorizedRelatedPerson","RelatedPerson.contained","RelatedPerson.contained","","inline resources
anonymous resourcescontained resources","",0,*,"","","","Resource {[]} {[]}
","Contained, inline Resources","These resources do not have an independent existence apart from the resource that contains them - they cannot be identified independently, and nor can they have their own independent transaction scope.","This should never be done when the content can be identified properly, as once identification is lost, it is extremely difficult (and context dependent) to restore it again. Contained resources may have profiles and tags In their meta elements, but SHALL NOT have security labels.","","","","","","","","",,,,,"",,,,"DomainResource.contained",0,*,"",""
"AuthorizedRelatedPerson","RelatedPerson.extension","RelatedPerson.extension","","","",0,*,"","","","Extension {[]} {[]}
","Extension","An Extension","","","","","","","","","",,,,,"","value:url}
","",,"open","DomainResource.extension",0,*,"","ele-1:All FHIR elements must have a @value or children {hasValue() or (children().count() > id.count())}
ext-1:Must have either extensions or value[x], not both {extension.exists() != value.exists()}"
"AuthorizedRelatedPerson","RelatedPerson.extension:authorizingConsent","RelatedPerson.extension","authorizingConsent","","",0,*,"","","","Extension {[CanonicalType[http://johnmoehrke.github.io/RelatedPersonConsent/StructureDefinition/JFM-authorizingConsent]]} {[]}
","Extension that points at an authorizing Consent","Used within a Resource to indicate that the activity enabled by the Resource is authorized by the Consent indicated. For example: Used within a RelatedParty to indicate the Consent the Patient has given authorizing the RelatedParty relationship to exist.","","","","","","","","","",,,,,"",,,,"DomainResource.extension",0,*,"ele-1
","ele-1:All FHIR elements must have a @value or children {hasValue() or (children().count() > id.count())}
ext-1:Must have either extensions or value[x], not both {extension.exists() != value.exists()}"
"AuthorizedRelatedPerson","RelatedPerson.modifierExtension","RelatedPerson.modifierExtension","","extensions
user content","",0,*,"","Y","","Extension {[]} {[]}
","Extensions that cannot be ignored","May be used to represent additional information that is not part of the basic definition of the resource and that modifies the understanding of the element that contains it and/or the understanding of the containing element's descendants. Usually modifier elements provide negation or qualification. To make the use of extensions safe and manageable, there is a strict set of governance applied to the definition and use of extensions. Though any implementer is allowed to define an extension, there is a set of requirements that SHALL be met as part of the definition of the extension. Applications processing a resource are required to check for modifier extensions.

Modifier extensions SHALL NOT change the meaning of any elements on Resource or DomainResource (including cannot change the meaning of modifierExtension itself).","There can be no stigma associated with the use of extensions by any application, project, or standard - regardless of the institution or jurisdiction that uses or defines the extensions.  The use of extensions is what allows the FHIR specification to retain a core level of simplicity for everyone.","Modifier extensions allow for extensions that *cannot* be safely ignored to be clearly distinguished from the vast majority of extensions which can be safely ignored.  This promotes interoperability by eliminating the need for implementers to prohibit the presence of extensions. For further information, see the [definition of modifier extensions](http://hl7.org/fhir/R4/extensibility.html#modifierExtension).","","","","","","","",,,,,"",,,,"DomainResource.modifierExtension",0,*,"","ele-1:All FHIR elements must have a @value or children {hasValue() or (children().count() > id.count())}
ext-1:Must have either extensions or value[x], not both {extension.exists() != value.exists()}"
"AuthorizedRelatedPerson","RelatedPerson.identifier","RelatedPerson.identifier","","","",0,*,"","","Y","Identifier {[]} {[]}
","A human identifier for this person","Identifier for a person within a particular scope.","","People are known by a variety of ids. Some institutions maintain several, and most collect identifiers for exchange with other organizations concerning the patient. Examples are national person identifier and local identifier.","","","","","","","",,,,,"",,,,"RelatedPerson.identifier",0,*,"","ele-1:All FHIR elements must have a @value or children {hasValue() or (children().count() > id.count())}
"
"AuthorizedRelatedPerson","RelatedPerson.active","RelatedPerson.active","","","",0,1,"","Y","Y","boolean {[]} {[]}
","Whether this related person's record is in active use","Whether this related person record is in active use.","This element is labeled as a modifier because it may be used to mark that the resource was created in error.","Need to be able to mark a related person record as not to be used, such as if it was created in error.","","This resource is generally assumed to be active if no value is provided for the active element","","","","","",,,,,"",,,,"RelatedPerson.active",0,1,"","ele-1:All FHIR elements must have a @value or children {hasValue() or (children().count() > id.count())}
"
"AuthorizedRelatedPerson","RelatedPerson.patient","RelatedPerson.patient","","","",1,1,"","","Y","Reference {[]} {[CanonicalType[http://hl7.org/fhir/StructureDefinition/Patient|4.0.1]]}
","The patient this person is related to","The patient this person is related to.","","We need to know which patient this RelatedPerson is related to.","","","","","","","",,,,,"",,,,"RelatedPerson.patient",1,1,"","ele-1:All FHIR elements must have a @value or children {hasValue() or (children().count() > id.count())}
"
"AuthorizedRelatedPerson","RelatedPerson.relationship","RelatedPerson.relationship","","","",0,*,"","","Y","CodeableConcept {[]} {[]}
","The nature of the relationship","The nature of the relationship between a patient and the related person.","","We need to know the relationship with the patient since it influences the interpretation of the information attributed to this person.","","","","","","","",,"preferred","The nature of the relationship between a patient and the related person.","http://hl7.org/fhir/ValueSet/relatedperson-relationshiptype|4.0.1","",,,,"RelatedPerson.relationship",0,*,"","ele-1:All FHIR elements must have a @value or children {hasValue() or (children().count() > id.count())}
"
"AuthorizedRelatedPerson","RelatedPerson.name","RelatedPerson.name","","","",0,*,"","","Y","HumanName {[]} {[]}
","A name associated with the person","A name associated with the person.","","Related persons need to be identified by name, but it is uncommon to need details about multiple other names for that person.","","","","","","","",,,,,"",,,,"RelatedPerson.name",0,*,"","ele-1:All FHIR elements must have a @value or children {hasValue() or (children().count() > id.count())}
"
"AuthorizedRelatedPerson","RelatedPerson.telecom","RelatedPerson.telecom","","","",0,*,"","","Y","ContactPoint {[]} {[]}
","A contact detail for the person","A contact detail for the person, e.g. a telephone number or an email address.","Person may have multiple ways to be contacted with different uses or applicable periods.  May need to have options for contacting the person urgently, and also to help with identification.","People have (primary) ways to contact them in some way such as phone, email.","","","","","","","",,,,,"",,,,"RelatedPerson.telecom",0,*,"","ele-1:All FHIR elements must have a @value or children {hasValue() or (children().count() > id.count())}
"
"AuthorizedRelatedPerson","RelatedPerson.gender","RelatedPerson.gender","","","",0,1,"","","Y","code {[]} {[]}
","male | female | other | unknown","Administrative Gender - the gender that the person is considered to have for administration and record keeping purposes.","","Needed for identification of the person, in combination with (at least) name and birth date.","","","","","","","",,"required","The gender of a person used for administrative purposes.","http://hl7.org/fhir/ValueSet/administrative-gender|4.0.1","",,,,"RelatedPerson.gender",0,1,"","ele-1:All FHIR elements must have a @value or children {hasValue() or (children().count() > id.count())}
"
"AuthorizedRelatedPerson","RelatedPerson.birthDate","RelatedPerson.birthDate","","","",0,1,"","","Y","date {[]} {[]}
","The date on which the related person was born","The date on which the related person was born.","","","","","","","","","",,,,,"",,,,"RelatedPerson.birthDate",0,1,"","ele-1:All FHIR elements must have a @value or children {hasValue() or (children().count() > id.count())}
"
"AuthorizedRelatedPerson","RelatedPerson.address","RelatedPerson.address","","","",0,*,"","","Y","Address {[]} {[]}
","Address where the related person can be contacted or visited","Address where the related person can be contacted or visited.","","Need to keep track where the related person can be contacted per postal mail or visited.","","","","","","","",,,,,"",,,,"RelatedPerson.address",0,*,"","ele-1:All FHIR elements must have a @value or children {hasValue() or (children().count() > id.count())}
"
"AuthorizedRelatedPerson","RelatedPerson.photo","RelatedPerson.photo","","","",0,*,"","","","Attachment {[]} {[]}
","Image of the person","Image of the person.","","Many EHR systems have the capability to capture an image of persons. Fits with newer social media usage too.","","","","","","","",,,,,"",,,,"RelatedPerson.photo",0,*,"","ele-1:All FHIR elements must have a @value or children {hasValue() or (children().count() > id.count())}
"
"AuthorizedRelatedPerson","RelatedPerson.period","RelatedPerson.period","","","",0,1,"","","","Period {[]} {[]}
","Period of time that this relationship is considered valid","The period of time during which this relationship is or was active. If there are no dates defined, then the interval is unknown.","","","","","","","","","",,,,,"",,,,"RelatedPerson.period",0,1,"","ele-1:All FHIR elements must have a @value or children {hasValue() or (children().count() > id.count())}
"
"AuthorizedRelatedPerson","RelatedPerson.communication","RelatedPerson.communication","","","",0,*,"","","","BackboneElement {[]} {[]}
","A language which may be used to communicate with about the patient's health","A language which may be used to communicate with about the patient's health.","If no language is specified, this *implies* that the default local language is spoken.  If you need to convey proficiency for multiple modes, then you need multiple RelatedPerson.Communication associations.   If the RelatedPerson does not speak the default local language, then the Interpreter Required Standard can be used to explicitly declare that an interpreter is required.","If a related person does not speak the local language, interpreters may be required, so languages spoken and proficiency is an important things to keep track of both for patient and other persons of interest.","","","","","","","",,,,,"",,,,"RelatedPerson.communication",0,*,"","ele-1:All FHIR elements must have a @value or children {hasValue() or (children().count() > id.count())}
"
"AuthorizedRelatedPerson","RelatedPerson.communication.id","RelatedPerson.communication.id","","","",0,1,"","","","string {[]} {[]}
","Unique id for inter-element referencing","Unique id for the element within a resource (for internal references). This may be any string value that does not contain spaces.","","","","","","","","","",,,,,"",,,,"Element.id",0,1,"",""
"AuthorizedRelatedPerson","RelatedPerson.communication.extension","RelatedPerson.communication.extension","","extensions
user content","",0,*,"","","","Extension {[]} {[]}
","Additional content defined by implementations","May be used to represent additional information that is not part of the basic definition of the element. To make the use of extensions safe and manageable, there is a strict set of governance  applied to the definition and use of extensions. Though any implementer can define an extension, there is a set of requirements that SHALL be met as part of the definition of the extension.","There can be no stigma associated with the use of extensions by any application, project, or standard - regardless of the institution or jurisdiction that uses or defines the extensions.  The use of extensions is what allows the FHIR specification to retain a core level of simplicity for everyone.","","","","","","","","",,,,,"",,,,"Element.extension",0,*,"","ele-1:All FHIR elements must have a @value or children {hasValue() or (children().count() > id.count())}
ext-1:Must have either extensions or value[x], not both {extension.exists() != value.exists()}"
"AuthorizedRelatedPerson","RelatedPerson.communication.modifierExtension","RelatedPerson.communication.modifierExtension","","extensions
user contentmodifiers","",0,*,"","Y","Y","Extension {[]} {[]}
","Extensions that cannot be ignored even if unrecognized","May be used to represent additional information that is not part of the basic definition of the element and that modifies the understanding of the element in which it is contained and/or the understanding of the containing element's descendants. Usually modifier elements provide negation or qualification. To make the use of extensions safe and manageable, there is a strict set of governance applied to the definition and use of extensions. Though any implementer can define an extension, there is a set of requirements that SHALL be met as part of the definition of the extension. Applications processing a resource are required to check for modifier extensions.

Modifier extensions SHALL NOT change the meaning of any elements on Resource or DomainResource (including cannot change the meaning of modifierExtension itself).","There can be no stigma associated with the use of extensions by any application, project, or standard - regardless of the institution or jurisdiction that uses or defines the extensions.  The use of extensions is what allows the FHIR specification to retain a core level of simplicity for everyone.","Modifier extensions allow for extensions that *cannot* be safely ignored to be clearly distinguished from the vast majority of extensions which can be safely ignored.  This promotes interoperability by eliminating the need for implementers to prohibit the presence of extensions. For further information, see the [definition of modifier extensions](http://hl7.org/fhir/R4/extensibility.html#modifierExtension).","","","","","","","",,,,,"",,,,"BackboneElement.modifierExtension",0,*,"","ele-1:All FHIR elements must have a @value or children {hasValue() or (children().count() > id.count())}
ext-1:Must have either extensions or value[x], not both {extension.exists() != value.exists()}"
"AuthorizedRelatedPerson","RelatedPerson.communication.language","RelatedPerson.communication.language","","","",1,1,"","","","CodeableConcept {[]} {[]}
","The language which can be used to communicate with the patient about his or her health","The ISO-639-1 alpha 2 code in lower case for the language, optionally followed by a hyphen and the ISO-3166-1 alpha 2 code for the region in upper case; e.g. ""en"" for English, or ""en-US"" for American English versus ""en-EN"" for England English.","The structure aa-BB with this exact casing is one the most widely used notations for locale. However not all systems actually code this but instead have it as free text. Hence CodeableConcept instead of code as the data type.","Most systems in multilingual countries will want to convey language. Not all systems actually need the regional dialect.","","","","","","","",,"preferred","A human language.","http://hl7.org/fhir/ValueSet/languages|4.0.1","",,,,"RelatedPerson.communication.language",1,1,"","ele-1:All FHIR elements must have a @value or children {hasValue() or (children().count() > id.count())}
"
"AuthorizedRelatedPerson","RelatedPerson.communication.preferred","RelatedPerson.communication.preferred","","","",0,1,"","","","boolean {[]} {[]}
","Language preference indicator","Indicates whether or not the patient prefers this language (over other languages he masters up a certain level).","This language is specifically identified for communicating healthcare information.","People that master multiple languages up to certain level may prefer one or more, i.e. feel more confident in communicating in a particular language making other languages sort of a fall back method.","","","","","","","",,,,,"",,,,"RelatedPerson.communication.preferred",0,1,"","ele-1:All FHIR elements must have a @value or children {hasValue() or (children().count() > id.count())}
"
"JFM-authorizingConsent","Extension","Extension","","","",0,*,"","","","null {[]} {[]}
","Extension that points at an authorizing Consent","Used within a Resource to indicate that the activity enabled by the Resource is authorized by the Consent indicated. For example: Used within a RelatedParty to indicate the Consent the Patient has given authorizing the RelatedParty relationship to exist.","","","","","","","","","",,,,,"",,,,"Extension",0,*,"ele-1
","ele-1:All FHIR elements must have a @value or children {hasValue() or (children().count() > id.count())}
ext-1:Must have either extensions or value[x], not both {extension.exists() != value.exists()}"
"JFM-authorizingConsent","Extension.id","Extension.id","","","",0,1,"","","","string {[]} {[]}
","Unique id for inter-element referencing","Unique id for the element within a resource (for internal references). This may be any string value that does not contain spaces.","","","","","","","","","",,,,,"",,,,"Element.id",0,1,"",""
"JFM-authorizingConsent","Extension.extension","Extension.extension","","","",0,0,"","","","Extension {[]} {[]}
","Extension","An Extension","","","","","","","","","",,,,,"","value:url}
","Extensions are always sliced by (at least) url",,"open","Element.extension",0,*,"","ele-1:All FHIR elements must have a @value or children {hasValue() or (children().count() > id.count())}
ext-1:Must have either extensions or value[x], not both {extension.exists() != value.exists()}"
"JFM-authorizingConsent","Extension.url","Extension.url","","","",1,1,"","","","uri {[]} {[]}
","identifies the meaning of the extension","Source of the definition for the extension code - a logical name or a URL.","The definition may point directly to a computable or human-readable definition of the extensibility codes, or it may be a logical URI as declared in some other specification. The definition SHALL be a URI for the Structure Definition defining the extension.","","","","<valueUri xmlns=""http://hl7.org/fhir"" value=""http://johnmoehrke.github.io/RelatedPersonConsent/StructureDefinition/JFM-authorizingConsent""/>","","","","",,,,,"",,,,"Extension.url",1,1,"",""
"JFM-authorizingConsent","Extension.value[x]","Extension.value[x]","","","",1,1,"","","","Reference {[]} {[CanonicalType[http://hl7.org/fhir/StructureDefinition/Consent]]}
","Value of extension","Value of extension - must be one of a constrained set of the data types (see [Extensibility](http://hl7.org/fhir/R4/extensibility.html) for a list).","","","","","","","","","",,,,,"",,,,"Extension.value[x]",0,1,"","ele-1:All FHIR elements must have a @value or children {hasValue() or (children().count() > id.count())}
"
"JFM-authorizingConsentRetired","Extension","Extension","","","",0,*,"","","","null {[]} {[]}
","Retired Extension that points at an authorizing Consent","Retired:
Used within a Resource to indicate that the activity enabled by the Resource is authorized by the Consent indicated. For example: Used within a RelatedParty to indicate the Consent the Patient has given authorizing the RelatedParty relationship to exist.","","","","","","","","","",,,,,"",,,,"Extension",0,*,"ele-1
","ele-1:All FHIR elements must have a @value or children {hasValue() or (children().count() > id.count())}
ext-1:Must have either extensions or value[x], not both {extension.exists() != value.exists()}"
"JFM-authorizingConsentRetired","Extension.id","Extension.id","","","",0,1,"","","","string {[]} {[]}
","Unique id for inter-element referencing","Unique id for the element within a resource (for internal references). This may be any string value that does not contain spaces.","","","","","","","","","",,,,,"",,,,"Element.id",0,1,"",""
"JFM-authorizingConsentRetired","Extension.extension","Extension.extension","","","",0,0,"","","","Extension {[]} {[]}
","Extension","An Extension","","","","","","","","","",,,,,"","value:url}
","Extensions are always sliced by (at least) url",,"open","Element.extension",0,*,"","ele-1:All FHIR elements must have a @value or children {hasValue() or (children().count() > id.count())}
ext-1:Must have either extensions or value[x], not both {extension.exists() != value.exists()}"
"JFM-authorizingConsentRetired","Extension.url","Extension.url","","","",1,1,"","","","uri {[]} {[]}
","identifies the meaning of the extension","Source of the definition for the extension code - a logical name or a URL.","The definition may point directly to a computable or human-readable definition of the extensibility codes, or it may be a logical URI as declared in some other specification. The definition SHALL be a URI for the Structure Definition defining the extension.","","","","<valueUri xmlns=""http://hl7.org/fhir"" value=""http://johnmoehrke.github.io/RelatedPersonConsent/StructureDefinition/JFM-authorizingConsentRetired""/>","","","","",,,,,"",,,,"Extension.url",1,1,"",""
"JFM-authorizingConsentRetired","Extension.value[x]","Extension.value[x]","","","",1,1,"","","","Reference {[]} {[CanonicalType[http://hl7.org/fhir/StructureDefinition/Consent]]}
","Value of extension","Value of extension - must be one of a constrained set of the data types (see [Extensibility](http://hl7.org/fhir/R4/extensibility.html) for a list).","","","","","","","","","",,,,,"",,,,"Extension.value[x]",0,1,"","ele-1:All FHIR elements must have a @value or children {hasValue() or (children().count() > id.count())}
"
"RelatedPersonConsent","Consent","Consent","","","",0,*,"","","","null {[]} {[]}
","A healthcare consumer's  choices to permit or deny recipients or roles to perform actions for specific purposes and periods of time","A record of a healthcare consumer’s  choices, which permits or denies identified recipient(s) or recipient role(s) to perform one or more actions within a given policy context, for specific purposes and periods of time.","Broadly, there are 3 key areas of consent for patients: Consent around sharing information (aka Privacy Consent Directive - Authorization to Collect, Use, or Disclose information), consent for specific treatment, or kinds of treatment, and general advance care directives.","","","","","","","","",,,,,"",,,,"Consent",0,*,"","dom-2:If the resource is contained in another resource, it SHALL NOT contain nested Resources {contained.contained.empty()}
dom-3:If the resource is contained in another resource, it SHALL be referred to from elsewhere in the resource or SHALL refer to the containing resource {contained.where((('#'+id in (%resource.descendants().reference | %resource.descendants().as(canonical) | %resource.descendants().as(uri) | %resource.descendants().as(url))) or descendants().where(reference = '#').exists() or descendants().where(as(canonical) = '#').exists() or descendants().where(as(canonical) = '#').exists()).not()).trace('unmatched', id).empty()}dom-4:If a resource is contained in another resource, it SHALL NOT have a meta.versionId or a meta.lastUpdated {contained.meta.versionId.empty() and contained.meta.lastUpdated.empty()}dom-5:If a resource is contained in another resource, it SHALL NOT have a security label {contained.meta.security.empty()}dom-6:A resource should have narrative for robust management {text.`div`.exists()}ppc-1:Either a Policy or PolicyRule {policy.exists() or policyRule.exists()}ppc-2:IF Scope=privacy, there must be a patient {patient.exists() or scope.coding.where(system='something' and code='patient-privacy').exists().not()}ppc-3:IF Scope=research, there must be a patient {patient.exists() or scope.coding.where(system='something' and code='research').exists().not()}ppc-4:IF Scope=adr, there must be a patient {patient.exists() or scope.coding.where(system='something' and code='adr').exists().not()}ppc-5:IF Scope=treatment, there must be a patient {patient.exists() or scope.coding.where(system='something' and code='treatment').exists().not()}"
"RelatedPersonConsent","Consent.id","Consent.id","","","",0,1,"","","Y","id {[]} {[]}
","Logical id of this artifact","The logical id of the resource, as used in the URL for the resource. Once assigned, this value never changes.","The only time that a resource does not have an id is when it is being submitted to the server using a create operation.","","","","","","","","",,,,,"",,,,"Resource.id",0,1,"",""
"RelatedPersonConsent","Consent.meta","Consent.meta","","","",0,1,"","","Y","Meta {[]} {[]}
","Metadata about the resource","The metadata about the resource. This is content that is maintained by the infrastructure. Changes to the content might not always be associated with version changes to the resource.","","","","","","","","","",,,,,"",,,,"Resource.meta",0,1,"","ele-1:All FHIR elements must have a @value or children {hasValue() or (children().count() > id.count())}
"
"RelatedPersonConsent","Consent.implicitRules","Consent.implicitRules","","","",0,1,"","Y","Y","uri {[]} {[]}
","A set of rules under which this content was created","A reference to a set of rules that were followed when the resource was constructed, and which must be understood when processing the content. Often, this is a reference to an implementation guide that defines the special rules along with other profiles etc.","Asserting this rule set restricts the content to be only understood by a limited set of trading partners. This inherently limits the usefulness of the data in the long term. However, the existing health eco-system is highly fractured, and not yet ready to define, collect, and exchange data in a generally computable sense. Wherever possible, implementers and/or specification writers should avoid using this element. Often, when used, the URL is a reference to an implementation guide that defines these special rules as part of it's narrative along with other profiles, value sets, etc.","","","","","","","","",,,,,"",,,,"Resource.implicitRules",0,1,"","ele-1:All FHIR elements must have a @value or children {hasValue() or (children().count() > id.count())}
"
"RelatedPersonConsent","Consent.language","Consent.language","","","",0,1,"","","","code {[]} {[]}
","Language of the resource content","The base language in which the resource is written.","Language is provided to support indexing and accessibility (typically, services such as text to speech use the language tag). The html language tag in the narrative applies  to the narrative. The language tag on the resource may be used to specify the language of other presentations generated from the data in the resource. Not all the content has to be in the base language. The Resource.language should not be assumed to apply to the narrative automatically. If a language is specified, it should it also be specified on the div element in the html (see rules in HTML5 for information about the relationship between xml:lang and the html lang attribute).","","","","","","","","",,"preferred","A human language.","http://hl7.org/fhir/ValueSet/languages|4.0.1","",,,,"Resource.language",0,1,"","ele-1:All FHIR elements must have a @value or children {hasValue() or (children().count() > id.count())}
"
"RelatedPersonConsent","Consent.text","Consent.text","","narrative
htmlxhtmldisplay","",0,1,"","","","Narrative {[]} {[]}
","Text summary of the resource, for human interpretation","A human-readable narrative that contains a summary of the resource and can be used to represent the content of the resource to a human. The narrative need not encode all the structured data, but is required to contain sufficient detail to make it ""clinically safe"" for a human to just read the narrative. Resource definitions may define what content should be represented in the narrative to ensure clinical safety.","Contained resources do not have narrative. Resources that are not contained SHOULD have a narrative. In some cases, a resource may only have text with little or no additional discrete data (as long as all minOccurs=1 elements are satisfied).  This may be necessary for data from legacy systems where information is captured as a ""text blob"" or where text is additionally entered raw or narrated and encoded information is added later.","","","","","","","","",,,,,"",,,,"DomainResource.text",0,1,"","ele-1:All FHIR elements must have a @value or children {hasValue() or (children().count() > id.count())}
"
"RelatedPersonConsent","Consent.contained","Consent.contained","","inline resources
anonymous resourcescontained resources","",0,*,"","","","Resource {[]} {[]}
","Contained, inline Resources","These resources do not have an independent existence apart from the resource that contains them - they cannot be identified independently, and nor can they have their own independent transaction scope.","This should never be done when the content can be identified properly, as once identification is lost, it is extremely difficult (and context dependent) to restore it again. Contained resources may have profiles and tags In their meta elements, but SHALL NOT have security labels.","","","","","","","","",,,,,"",,,,"DomainResource.contained",0,*,"",""
"RelatedPersonConsent","Consent.extension","Consent.extension","","extensions
user content","",0,*,"","","","Extension {[]} {[]}
","Additional content defined by implementations","May be used to represent additional information that is not part of the basic definition of the resource. To make the use of extensions safe and manageable, there is a strict set of governance  applied to the definition and use of extensions. Though any implementer can define an extension, there is a set of requirements that SHALL be met as part of the definition of the extension.","There can be no stigma associated with the use of extensions by any application, project, or standard - regardless of the institution or jurisdiction that uses or defines the extensions.  The use of extensions is what allows the FHIR specification to retain a core level of simplicity for everyone.","","","","","","","","",,,,,"",,,,"DomainResource.extension",0,*,"","ele-1:All FHIR elements must have a @value or children {hasValue() or (children().count() > id.count())}
ext-1:Must have either extensions or value[x], not both {extension.exists() != value.exists()}"
"RelatedPersonConsent","Consent.modifierExtension","Consent.modifierExtension","","","",0,0,"","Y","","Extension {[]} {[]}
","Extension","An Extension","","","","","","","","","",,,,,"",,,,"DomainResource.modifierExtension",0,*,"","ele-1:All FHIR elements must have a @value or children {hasValue() or (children().count() > id.count())}
ext-1:Must have either extensions or value[x], not both {extension.exists() != value.exists()}"
"RelatedPersonConsent","Consent.identifier","Consent.identifier","","","",0,*,"","","Y","Identifier {[]} {[]}
","Identifier for this record (external references)","Unique identifier for this copy of the Consent Statement.","This identifier identifies this copy of the consent. Where this identifier is also used elsewhere as the identifier for a consent record (e.g. a CDA consent document) then the consent details are expected to be the same.","","","","","","<valueIdentifier xmlns=""http://hl7.org/fhir"">
  <system value=""http://acme.org/identifier/local/eCMS""/>
  <value value=""Local eCMS identifier""/>
</valueIdentifier>","","",,,,,"",,,,"Consent.identifier",0,*,"","ele-1:All FHIR elements must have a @value or children {hasValue() or (children().count() > id.count())}
"
"RelatedPersonConsent","Consent.status","Consent.status","","","",1,1,"","Y","Y","code {[]} {[]}
","draft | proposed | active | rejected | inactive | entered-in-error","Indicates the current state of this consent.","This element is labeled as a modifier because the status contains the codes rejected and entered-in-error that mark the Consent as not currently valid.","The Consent Directive that is pointed to might be in various lifecycle states, e.g., a revoked Consent Directive.","","","","<valueCode xmlns=""http://hl7.org/fhir"" value=""active""/>","","","",,"required","Indicates the state of the consent.","http://hl7.org/fhir/ValueSet/consent-state-codes|4.0.1","",,,,"Consent.status",1,1,"","ele-1:All FHIR elements must have a @value or children {hasValue() or (children().count() > id.count())}
"
"RelatedPersonConsent","Consent.scope","Consent.scope","","","",1,1,"","Y","Y","CodeableConcept {[]} {[]}
","Which of the four areas this resource covers (extensible)","A selector of the type of consent being presented: ADR, Privacy, Treatment, Research.  This list is now extensible.","","","","","","<valueCodeableConcept xmlns=""http://hl7.org/fhir"">
  <coding>
    <system value=""http://terminology.hl7.org/CodeSystem/consentscope""/>
    <code value=""patient-privacy""/>
  </coding>
</valueCodeableConcept>","","","",,"extensible","The four anticipated uses for the Consent Resource.","http://hl7.org/fhir/ValueSet/consent-scope|4.0.1","",,,,"Consent.scope",1,1,"","ele-1:All FHIR elements must have a @value or children {hasValue() or (children().count() > id.count())}
"
"RelatedPersonConsent","Consent.category","Consent.category","","","",3,*,"","","Y","CodeableConcept {[]} {[]}
","Classification of the consent statement - for indexing/retrieval","A classification of the type of consents found in the statement. This element supports indexing and retrieval of consent statements.","","","","","","","","","",,"extensible","A classification of the type of consents found in a consent statement.","http://hl7.org/fhir/ValueSet/consent-category|4.0.1","","value:$this}
","",,"open","Consent.category",1,*,"","ele-1:All FHIR elements must have a @value or children {hasValue() or (children().count() > id.count())}
"
"RelatedPersonConsent","Consent.category:representative","Consent.category","representative","","",1,1,"","","Y","CodeableConcept {[]} {[]}
","Classification of the consent statement - for indexing/retrieval","A classification of the type of consents found in the statement. This element supports indexing and retrieval of consent statements.","","","","","","<valueCodeableConcept xmlns=""http://hl7.org/fhir"">
  <coding>
    <system value=""http://johnmoehrke.github.io/RelatedPersonConsent/CodeSystem/AuthorizedCodes""/>
    <code value=""RelatedPersonAuthorizing""/>
  </coding>
</valueCodeableConcept>","","","",,"extensible","A classification of the type of consents found in a consent statement.","http://hl7.org/fhir/ValueSet/consent-category|4.0.1","",,,,"Consent.category",1,*,"","ele-1:All FHIR elements must have a @value or children {hasValue() or (children().count() > id.count())}
"
"RelatedPersonConsent","Consent.category:relInfo","Consent.category","relInfo","","",1,1,"","","Y","CodeableConcept {[]} {[]}
","Classification of the consent statement - for indexing/retrieval","A classification of the type of consents found in the statement. This element supports indexing and retrieval of consent statements.","","","","","","<valueCodeableConcept xmlns=""http://hl7.org/fhir"">
  <coding>
    <system value=""http://loinc.org""/>
    <code value=""64292-6""/>
  </coding>
</valueCodeableConcept>","","","",,"extensible","A classification of the type of consents found in a consent statement.","http://hl7.org/fhir/ValueSet/consent-category|4.0.1","",,,,"Consent.category",1,*,"","ele-1:All FHIR elements must have a @value or children {hasValue() or (children().count() > id.count())}
"
"RelatedPersonConsent","Consent.category:idscl","Consent.category","idscl","","",1,1,"","","Y","CodeableConcept {[]} {[]}
","Classification of the consent statement - for indexing/retrieval","A classification of the type of consents found in the statement. This element supports indexing and retrieval of consent statements.","","","","","","<valueCodeableConcept xmlns=""http://hl7.org/fhir"">
  <coding>
    <system value=""http://terminology.hl7.org/CodeSystem/v3-ActCode""/>
    <code value=""IDSCL""/>
  </coding>
</valueCodeableConcept>","","","",,"extensible","A classification of the type of consents found in a consent statement.","http://hl7.org/fhir/ValueSet/consent-category|4.0.1","",,,,"Consent.category",1,*,"","ele-1:All FHIR elements must have a @value or children {hasValue() or (children().count() > id.count())}
"
"RelatedPersonConsent","Consent.patient","Consent.patient","","","",1,1,"","","Y","Reference {[]} {[CanonicalType[http://hl7.org/fhir/StructureDefinition/Patient|4.0.1]]}
","Who the consent applies to","The patient/healthcare consumer to whom this consent applies.","Commonly, the patient the consent pertains to is the author, but for young and old people, it may be some other person.","","","","","","","","",,,,,"",,,,"Consent.patient",0,1,"","ele-1:All FHIR elements must have a @value or children {hasValue() or (children().count() > id.count())}
"
"RelatedPersonConsent","Consent.dateTime","Consent.dateTime","","","",1,1,"","","Y","dateTime {[]} {[]}
","When this Consent was created or indexed","When this  Consent was issued / created / indexed.","This is not the time of the original consent, but the time that this statement was made or derived.","","","","","","","","",,,,,"",,,,"Consent.dateTime",0,1,"","ele-1:All FHIR elements must have a @value or children {hasValue() or (children().count() > id.count())}
"
"RelatedPersonConsent","Consent.performer","Consent.performer","","consentor
","",1,*,"","","Y","Reference {[]} {[CanonicalType[http://hl7.org/fhir/StructureDefinition/Organization|4.0.1], CanonicalType[http://hl7.org/fhir/StructureDefinition/Patient|4.0.1], CanonicalType[http://hl7.org/fhir/StructureDefinition/Practitioner|4.0.1], CanonicalType[http://hl7.org/fhir/StructureDefinition/RelatedPerson|4.0.1], CanonicalType[http://hl7.org/fhir/StructureDefinition/PractitionerRole|4.0.1]]}
","Who is agreeing to the policy and rules","Either the Grantor, which is the entity responsible for granting the rights listed in a Consent Directive or the Grantee, which is the entity responsible for complying with the Consent Directive, including any obligations or limitations on authorizations and enforcement of prohibitions.","Commonly, the patient the consent pertains to is the consentor, but particularly for young and old people, it may be some other person - e.g. a legal guardian.","","","","","","","","",,,,,"",,,,"Consent.performer",0,*,"","ele-1:All FHIR elements must have a @value or children {hasValue() or (children().count() > id.count())}
"
"RelatedPersonConsent","Consent.organization","Consent.organization","","custodian
","",1,*,"","","Y","Reference {[]} {[CanonicalType[http://hl7.org/fhir/StructureDefinition/Organization|4.0.1]]}
","Custodian of the consent","The organization that manages the consent, and the framework within which it is executed.","","","","","","","","","",,,,,"",,,,"Consent.organization",0,*,"","ele-1:All FHIR elements must have a @value or children {hasValue() or (children().count() > id.count())}
"
"RelatedPersonConsent","Consent.source[x]","Consent.source[x]","","","",0,1,"","","Y","Reference {[]} {[CanonicalType[http://hl7.org/fhir/StructureDefinition/Consent], CanonicalType[http://hl7.org/fhir/StructureDefinition/DocumentReference], CanonicalType[http://hl7.org/fhir/StructureDefinition/Contract], CanonicalType[http://hl7.org/fhir/StructureDefinition/QuestionnaireResponse]]}
","would point at the Consent paperwork signed by the Patient","The source on which this consent statement is based. The source might be a scanned original paper form, or a reference to a consent that links back to such a source, a reference to a document repository (e.g. XDS) that stores the original consent document.","The source can be contained inline (Attachment), referenced directly (Consent), referenced in a consent repository (DocumentReference), or simply by an identifier (Identifier), e.g. a CDA document id.","","","","","","","","",,,,,"",,,,"Consent.source[x]",0,1,"","ele-1:All FHIR elements must have a @value or children {hasValue() or (children().count() > id.count())}
"
"RelatedPersonConsent","Consent.policy","Consent.policy","","","",0,*,"","","","BackboneElement {[]} {[]}
","Policies covered by this consent","The references to the policies that are included in this consent scope. Policies may be organizational, but are often defined jurisdictionally, or in law.","","","","","","","","","",,,,,"",,,,"Consent.policy",0,*,"","ele-1:All FHIR elements must have a @value or children {hasValue() or (children().count() > id.count())}
"
"RelatedPersonConsent","Consent.policy.id","Consent.policy.id","","","",0,1,"","","","string {[]} {[]}
","Unique id for inter-element referencing","Unique id for the element within a resource (for internal references). This may be any string value that does not contain spaces.","","","","","","","","","",,,,,"",,,,"Element.id",0,1,"",""
"RelatedPersonConsent","Consent.policy.extension","Consent.policy.extension","","extensions
user content","",0,*,"","","","Extension {[]} {[]}
","Additional content defined by implementations","May be used to represent additional information that is not part of the basic definition of the element. To make the use of extensions safe and manageable, there is a strict set of governance  applied to the definition and use of extensions. Though any implementer can define an extension, there is a set of requirements that SHALL be met as part of the definition of the extension.","There can be no stigma associated with the use of extensions by any application, project, or standard - regardless of the institution or jurisdiction that uses or defines the extensions.  The use of extensions is what allows the FHIR specification to retain a core level of simplicity for everyone.","","","","","","","","",,,,,"",,,,"Element.extension",0,*,"","ele-1:All FHIR elements must have a @value or children {hasValue() or (children().count() > id.count())}
ext-1:Must have either extensions or value[x], not both {extension.exists() != value.exists()}"
"RelatedPersonConsent","Consent.policy.modifierExtension","Consent.policy.modifierExtension","","extensions
user contentmodifiers","",0,*,"","Y","Y","Extension {[]} {[]}
","Extensions that cannot be ignored even if unrecognized","May be used to represent additional information that is not part of the basic definition of the element and that modifies the understanding of the element in which it is contained and/or the understanding of the containing element's descendants. Usually modifier elements provide negation or qualification. To make the use of extensions safe and manageable, there is a strict set of governance applied to the definition and use of extensions. Though any implementer can define an extension, there is a set of requirements that SHALL be met as part of the definition of the extension. Applications processing a resource are required to check for modifier extensions.

Modifier extensions SHALL NOT change the meaning of any elements on Resource or DomainResource (including cannot change the meaning of modifierExtension itself).","There can be no stigma associated with the use of extensions by any application, project, or standard - regardless of the institution or jurisdiction that uses or defines the extensions.  The use of extensions is what allows the FHIR specification to retain a core level of simplicity for everyone.","Modifier extensions allow for extensions that *cannot* be safely ignored to be clearly distinguished from the vast majority of extensions which can be safely ignored.  This promotes interoperability by eliminating the need for implementers to prohibit the presence of extensions. For further information, see the [definition of modifier extensions](http://hl7.org/fhir/R4/extensibility.html#modifierExtension).","","","","","","","",,,,,"",,,,"BackboneElement.modifierExtension",0,*,"","ele-1:All FHIR elements must have a @value or children {hasValue() or (children().count() > id.count())}
ext-1:Must have either extensions or value[x], not both {extension.exists() != value.exists()}"
"RelatedPersonConsent","Consent.policy.authority","Consent.policy.authority","","","",0,1,"","","","uri {[]} {[]}
","Enforcement source for policy","Entity or Organization having regulatory jurisdiction or accountability for  enforcing policies pertaining to Consent Directives.","","","","","","","","","",,,,,"",,,,"Consent.policy.authority",0,1,"ppc-1
","ele-1:All FHIR elements must have a @value or children {hasValue() or (children().count() > id.count())}
"
"RelatedPersonConsent","Consent.policy.uri","Consent.policy.uri","","","",0,1,"","","","uri {[]} {[]}
","Specific policy covered by this consent","The references to the policies that are included in this consent scope. Policies may be organizational, but are often defined jurisdictionally, or in law.","This element is for discoverability / documentation and does not modify or qualify the policy rules.","","","","","","","","",,,,,"",,,,"Consent.policy.uri",0,1,"ppc-1
","ele-1:All FHIR elements must have a @value or children {hasValue() or (children().count() > id.count())}
"
"RelatedPersonConsent","Consent.policyRule","Consent.policyRule","","","",0,1,"","","Y","CodeableConcept {[]} {[]}
","Regulation that this consents to","A reference to the specific base computable regulation or policy.","If the policyRule is absent, computable consent would need to be constructed from the elements of the Consent resource.","Might be a unique identifier of a policy set in XACML, or other rules engine.","","","","","","","",,"extensible","Regulatory policy examples.","http://hl7.org/fhir/ValueSet/consent-policy|4.0.1","",,,,"Consent.policyRule",0,1,"ppc-1
","ele-1:All FHIR elements must have a @value or children {hasValue() or (children().count() > id.count())}
"
"RelatedPersonConsent","Consent.verification","Consent.verification","","","",0,*,"","","Y","BackboneElement {[]} {[]}
","Consent Verified by patient or family","Whether a treatment instruction (e.g. artificial respiration yes or no) was verified with the patient, his/her family or another authorized person.","","","","","","","","","",,,,,"",,,,"Consent.verification",0,*,"","ele-1:All FHIR elements must have a @value or children {hasValue() or (children().count() > id.count())}
"
"RelatedPersonConsent","Consent.verification.id","Consent.verification.id","","","",0,1,"","","","string {[]} {[]}
","Unique id for inter-element referencing","Unique id for the element within a resource (for internal references). This may be any string value that does not contain spaces.","","","","","","","","","",,,,,"",,,,"Element.id",0,1,"",""
"RelatedPersonConsent","Consent.verification.extension","Consent.verification.extension","","extensions
user content","",0,*,"","","","Extension {[]} {[]}
","Additional content defined by implementations","May be used to represent additional information that is not part of the basic definition of the element. To make the use of extensions safe and manageable, there is a strict set of governance  applied to the definition and use of extensions. Though any implementer can define an extension, there is a set of requirements that SHALL be met as part of the definition of the extension.","There can be no stigma associated with the use of extensions by any application, project, or standard - regardless of the institution or jurisdiction that uses or defines the extensions.  The use of extensions is what allows the FHIR specification to retain a core level of simplicity for everyone.","","","","","","","","",,,,,"",,,,"Element.extension",0,*,"","ele-1:All FHIR elements must have a @value or children {hasValue() or (children().count() > id.count())}
ext-1:Must have either extensions or value[x], not both {extension.exists() != value.exists()}"
"RelatedPersonConsent","Consent.verification.modifierExtension","Consent.verification.modifierExtension","","extensions
user contentmodifiers","",0,*,"","Y","Y","Extension {[]} {[]}
","Extensions that cannot be ignored even if unrecognized","May be used to represent additional information that is not part of the basic definition of the element and that modifies the understanding of the element in which it is contained and/or the understanding of the containing element's descendants. Usually modifier elements provide negation or qualification. To make the use of extensions safe and manageable, there is a strict set of governance applied to the definition and use of extensions. Though any implementer can define an extension, there is a set of requirements that SHALL be met as part of the definition of the extension. Applications processing a resource are required to check for modifier extensions.

Modifier extensions SHALL NOT change the meaning of any elements on Resource or DomainResource (including cannot change the meaning of modifierExtension itself).","There can be no stigma associated with the use of extensions by any application, project, or standard - regardless of the institution or jurisdiction that uses or defines the extensions.  The use of extensions is what allows the FHIR specification to retain a core level of simplicity for everyone.","Modifier extensions allow for extensions that *cannot* be safely ignored to be clearly distinguished from the vast majority of extensions which can be safely ignored.  This promotes interoperability by eliminating the need for implementers to prohibit the presence of extensions. For further information, see the [definition of modifier extensions](http://hl7.org/fhir/R4/extensibility.html#modifierExtension).","","","","","","","",,,,,"",,,,"BackboneElement.modifierExtension",0,*,"","ele-1:All FHIR elements must have a @value or children {hasValue() or (children().count() > id.count())}
ext-1:Must have either extensions or value[x], not both {extension.exists() != value.exists()}"
"RelatedPersonConsent","Consent.verification.verified","Consent.verification.verified","","","",1,1,"","","Y","boolean {[]} {[]}
","Has been verified","Has the instruction been verified.","","","","","","","","","",,,,,"",,,,"Consent.verification.verified",1,1,"","ele-1:All FHIR elements must have a @value or children {hasValue() or (children().count() > id.count())}
"
"RelatedPersonConsent","Consent.verification.verifiedWith","Consent.verification.verifiedWith","","","",0,1,"","","","Reference {[]} {[CanonicalType[http://hl7.org/fhir/StructureDefinition/Patient|4.0.1], CanonicalType[http://hl7.org/fhir/StructureDefinition/RelatedPerson|4.0.1]]}
","Person who verified","Who verified the instruction (Patient, Relative or other Authorized Person).","","","","","","","","","",,,,,"",,,,"Consent.verification.verifiedWith",0,1,"","ele-1:All FHIR elements must have a @value or children {hasValue() or (children().count() > id.count())}
"
"RelatedPersonConsent","Consent.verification.verificationDate","Consent.verification.verificationDate","","","",0,1,"","","","dateTime {[]} {[]}
","When consent verified","Date verification was collected.","","","","","","","","","",,,,,"",,,,"Consent.verification.verificationDate",0,1,"","ele-1:All FHIR elements must have a @value or children {hasValue() or (children().count() > id.count())}
"
"RelatedPersonConsent","Consent.provision","Consent.provision","","","",1,1,"","","Y","BackboneElement {[]} {[]}
","Constraints to the base Consent.policyRule","An exception to the base policy of this consent. An exception can be an addition or removal of access permissions.","","","","","","","","","",,,,,"",,,,"Consent.provision",0,1,"","ele-1:All FHIR elements must have a @value or children {hasValue() or (children().count() > id.count())}
"
"RelatedPersonConsent","Consent.provision.id","Consent.provision.id","","","",0,1,"","","","string {[]} {[]}
","Unique id for inter-element referencing","Unique id for the element within a resource (for internal references). This may be any string value that does not contain spaces.","","","","","","","","","",,,,,"",,,,"Element.id",0,1,"",""
"RelatedPersonConsent","Consent.provision.extension","Consent.provision.extension","","extensions
user content","",0,*,"","","","Extension {[]} {[]}
","Additional content defined by implementations","May be used to represent additional information that is not part of the basic definition of the element. To make the use of extensions safe and manageable, there is a strict set of governance  applied to the definition and use of extensions. Though any implementer can define an extension, there is a set of requirements that SHALL be met as part of the definition of the extension.","There can be no stigma associated with the use of extensions by any application, project, or standard - regardless of the institution or jurisdiction that uses or defines the extensions.  The use of extensions is what allows the FHIR specification to retain a core level of simplicity for everyone.","","","","","","","","",,,,,"",,,,"Element.extension",0,*,"","ele-1:All FHIR elements must have a @value or children {hasValue() or (children().count() > id.count())}
ext-1:Must have either extensions or value[x], not both {extension.exists() != value.exists()}"
"RelatedPersonConsent","Consent.provision.modifierExtension","Consent.provision.modifierExtension","","extensions
user contentmodifiers","",0,*,"","Y","Y","Extension {[]} {[]}
","Extensions that cannot be ignored even if unrecognized","May be used to represent additional information that is not part of the basic definition of the element and that modifies the understanding of the element in which it is contained and/or the understanding of the containing element's descendants. Usually modifier elements provide negation or qualification. To make the use of extensions safe and manageable, there is a strict set of governance applied to the definition and use of extensions. Though any implementer can define an extension, there is a set of requirements that SHALL be met as part of the definition of the extension. Applications processing a resource are required to check for modifier extensions.

Modifier extensions SHALL NOT change the meaning of any elements on Resource or DomainResource (including cannot change the meaning of modifierExtension itself).","There can be no stigma associated with the use of extensions by any application, project, or standard - regardless of the institution or jurisdiction that uses or defines the extensions.  The use of extensions is what allows the FHIR specification to retain a core level of simplicity for everyone.","Modifier extensions allow for extensions that *cannot* be safely ignored to be clearly distinguished from the vast majority of extensions which can be safely ignored.  This promotes interoperability by eliminating the need for implementers to prohibit the presence of extensions. For further information, see the [definition of modifier extensions](http://hl7.org/fhir/R4/extensibility.html#modifierExtension).","","","","","","","",,,,,"",,,,"BackboneElement.modifierExtension",0,*,"","ele-1:All FHIR elements must have a @value or children {hasValue() or (children().count() > id.count())}
ext-1:Must have either extensions or value[x], not both {extension.exists() != value.exists()}"
"RelatedPersonConsent","Consent.provision.type","Consent.provision.type","","","",1,1,"","","Y","code {[]} {[]}
","deny | permit","Action  to take - permit or deny - when the rule conditions are met.  Not permitted in root rule, required in all nested rules.","","","","","","<valueCode xmlns=""http://hl7.org/fhir"" value=""permit""/>","","","",,"required","How a rule statement is applied, such as adding additional consent or removing consent.","http://hl7.org/fhir/ValueSet/consent-provision-type|4.0.1","",,,,"Consent.provision.type",0,1,"","ele-1:All FHIR elements must have a @value or children {hasValue() or (children().count() > id.count())}
"
"RelatedPersonConsent","Consent.provision.period","Consent.provision.period","","","",0,1,"","","Y","Period {[]} {[]}
","Timeframe for this rule","The timeframe in this rule is valid.","","","","","","","","","",,,,,"",,,,"Consent.provision.period",0,1,"","ele-1:All FHIR elements must have a @value or children {hasValue() or (children().count() > id.count())}
"
"RelatedPersonConsent","Consent.provision.actor","Consent.provision.actor","","","",1,*,"","","","BackboneElement {[]} {[]}
","Who|what controlled by this rule (or group, by role)","Who or what is controlled by this rule. Use group to identify a set of actors by some property they share (e.g. 'admitting officers').","","","","There is no specific actor associated with the exception","","","","","",,,,,"",,,,"Consent.provision.actor",0,*,"","ele-1:All FHIR elements must have a @value or children {hasValue() or (children().count() > id.count())}
"
"RelatedPersonConsent","Consent.provision.actor.id","Consent.provision.actor.id","","","",0,1,"","","","string {[]} {[]}
","Unique id for inter-element referencing","Unique id for the element within a resource (for internal references). This may be any string value that does not contain spaces.","","","","","","","","","",,,,,"",,,,"Element.id",0,1,"",""
"RelatedPersonConsent","Consent.provision.actor.extension","Consent.provision.actor.extension","","extensions
user content","",0,*,"","","","Extension {[]} {[]}
","Additional content defined by implementations","May be used to represent additional information that is not part of the basic definition of the element. To make the use of extensions safe and manageable, there is a strict set of governance  applied to the definition and use of extensions. Though any implementer can define an extension, there is a set of requirements that SHALL be met as part of the definition of the extension.","There can be no stigma associated with the use of extensions by any application, project, or standard - regardless of the institution or jurisdiction that uses or defines the extensions.  The use of extensions is what allows the FHIR specification to retain a core level of simplicity for everyone.","","","","","","","","",,,,,"",,,,"Element.extension",0,*,"","ele-1:All FHIR elements must have a @value or children {hasValue() or (children().count() > id.count())}
ext-1:Must have either extensions or value[x], not both {extension.exists() != value.exists()}"
"RelatedPersonConsent","Consent.provision.actor.modifierExtension","Consent.provision.actor.modifierExtension","","extensions
user contentmodifiers","",0,*,"","Y","Y","Extension {[]} {[]}
","Extensions that cannot be ignored even if unrecognized","May be used to represent additional information that is not part of the basic definition of the element and that modifies the understanding of the element in which it is contained and/or the understanding of the containing element's descendants. Usually modifier elements provide negation or qualification. To make the use of extensions safe and manageable, there is a strict set of governance applied to the definition and use of extensions. Though any implementer can define an extension, there is a set of requirements that SHALL be met as part of the definition of the extension. Applications processing a resource are required to check for modifier extensions.

Modifier extensions SHALL NOT change the meaning of any elements on Resource or DomainResource (including cannot change the meaning of modifierExtension itself).","There can be no stigma associated with the use of extensions by any application, project, or standard - regardless of the institution or jurisdiction that uses or defines the extensions.  The use of extensions is what allows the FHIR specification to retain a core level of simplicity for everyone.","Modifier extensions allow for extensions that *cannot* be safely ignored to be clearly distinguished from the vast majority of extensions which can be safely ignored.  This promotes interoperability by eliminating the need for implementers to prohibit the presence of extensions. For further information, see the [definition of modifier extensions](http://hl7.org/fhir/R4/extensibility.html#modifierExtension).","","","","","","","",,,,,"",,,,"BackboneElement.modifierExtension",0,*,"","ele-1:All FHIR elements must have a @value or children {hasValue() or (children().count() > id.count())}
ext-1:Must have either extensions or value[x], not both {extension.exists() != value.exists()}"
"RelatedPersonConsent","Consent.provision.actor.role","Consent.provision.actor.role","","","",1,1,"","","","CodeableConcept {[]} {[]}
","How the actor is involved","How the individual is involved in the resources content that is described in the exception.","","","","","","<valueCodeableConcept xmlns=""http://hl7.org/fhir"">
  <coding>
    <system value=""http://terminology.hl7.org/CodeSystem/v3-RoleCode""/>
    <code value=""DELEGATEE""/>
  </coding>
</valueCodeableConcept>","","","",,"extensible","How an actor is involved in the consent considerations.","http://hl7.org/fhir/ValueSet/security-role-type|4.0.1","",,,,"Consent.provision.actor.role",1,1,"","ele-1:All FHIR elements must have a @value or children {hasValue() or (children().count() > id.count())}
"
"RelatedPersonConsent","Consent.provision.actor.reference","Consent.provision.actor.reference","","","",1,1,"","","","Reference {[]} {[CanonicalType[http://hl7.org/fhir/StructureDefinition/RelatedPerson]]}
","Resource for the actor (or group, by role)","The resource that identifies the actor. To identify actors by type, use group to identify a set of actors by some property they share (e.g. 'admitting officers').","","","","","","","","","",,,,,"",,,,"Consent.provision.actor.reference",1,1,"","ele-1:All FHIR elements must have a @value or children {hasValue() or (children().count() > id.count())}
"
"RelatedPersonConsent","Consent.provision.action","Consent.provision.action","","","",0,*,"","","Y","CodeableConcept {[]} {[]}
","may indicate subset of actions allowed","Actions controlled by this Rule.","Note that this is the direct action (not the grounds for the action covered in the purpose element). At present, the only action in the understood and tested scope of this resource is 'read'.","","","all actions","","","","","",,"example","Detailed codes for the consent action.","http://hl7.org/fhir/ValueSet/consent-action|4.0.1","",,,,"Consent.provision.action",0,*,"","ele-1:All FHIR elements must have a @value or children {hasValue() or (children().count() > id.count())}
"
"RelatedPersonConsent","Consent.provision.securityLabel","Consent.provision.securityLabel","","","",0,*,"","","Y","Coding {[]} {[]}
","may indicate a subset of data tags allowed","A security label, comprised of 0..* security label fields (Privacy tags), which define which resources are controlled by this exception.","If the consent specifies a security label of ""R"" then it applies to all resources that are labeled ""R"" or lower. E.g. for Confidentiality, it's a high water mark. For other kinds of security labels, subsumption logic applies. When the purpose of use tag is on the data, access request purpose of use shall not conflict.","","","","","","","","",,"extensible","Security Labels from the Healthcare Privacy and Security Classification System.","http://hl7.org/fhir/ValueSet/security-labels|4.0.1","",,,,"Consent.provision.securityLabel",0,*,"","ele-1:All FHIR elements must have a @value or children {hasValue() or (children().count() > id.count())}
"
"RelatedPersonConsent","Consent.provision.purpose","Consent.provision.purpose","","","",0,*,"","","Y","Coding {[]} {[]}
","may indicate a subset of access purposes of use allowed","The context of the activities a user is taking - why the user is accessing the data - that are controlled by this rule.","When the purpose of use tag is on the data, access request purpose of use shall not conflict.","","","","","","","","",,"required","","http://johnmoehrke.github.io/RelatedPersonConsent/ValueSet/AuthPurposesVS","",,,,"Consent.provision.purpose",0,*,"","ele-1:All FHIR elements must have a @value or children {hasValue() or (children().count() > id.count())}
"
"RelatedPersonConsent","Consent.provision.class","Consent.provision.class","","","",0,*,"","","Y","Coding {[]} {[]}
","may indicate a subset of classes of data allowed","The class of information covered by this rule. The type can be a FHIR resource type, a profile on a type, or a CDA document, or some other type that indicates what sort of information the consent relates to.","Multiple types are or'ed together. The intention of the contentType element is that the codes refer to profiles or document types defined in a standard or an implementation guide somewhere.","","","","","","","","",,"extensible","The class (type) of information a consent rule covers.","http://hl7.org/fhir/ValueSet/consent-content-class|4.0.1","",,,,"Consent.provision.class",0,*,"","ele-1:All FHIR elements must have a @value or children {hasValue() or (children().count() > id.count())}
"
"RelatedPersonConsent","Consent.provision.code","Consent.provision.code","","","",0,*,"","","Y","CodeableConcept {[]} {[]}
","e.g. LOINC or SNOMED CT code, etc. in the content","If this code is found in an instance, then the rule applies.","Typical use of this is a Document code with class = CDA.","","","","","","","","",,"example","If this code is found in an instance, then the exception applies.","http://hl7.org/fhir/ValueSet/consent-content-code|4.0.1","",,,,"Consent.provision.code",0,*,"","ele-1:All FHIR elements must have a @value or children {hasValue() or (children().count() > id.count())}
"
"RelatedPersonConsent","Consent.provision.dataPeriod","Consent.provision.dataPeriod","","","",0,1,"","","Y","Period {[]} {[]}
","may indicate a data period allowed","Clinical or Operational Relevant period of time that bounds the data controlled by this rule.","This has a different sense to the Consent.period - that is when the consent agreement holds. This is the time period of the data that is controlled by the agreement.","","","","","","","","",,,,,"",,,,"Consent.provision.dataPeriod",0,1,"","ele-1:All FHIR elements must have a @value or children {hasValue() or (children().count() > id.count())}
"
"RelatedPersonConsent","Consent.provision.data","Consent.provision.data","","","",0,*,"","","Y","BackboneElement {[]} {[]}
","may indicate specific data instances allowed","The resources controlled by this rule if specific resources are referenced.","","","","all data","","","","","",,,,,"",,,,"Consent.provision.data",0,*,"","ele-1:All FHIR elements must have a @value or children {hasValue() or (children().count() > id.count())}
"
"RelatedPersonConsent","Consent.provision.data.id","Consent.provision.data.id","","","",0,1,"","","","string {[]} {[]}
","Unique id for inter-element referencing","Unique id for the element within a resource (for internal references). This may be any string value that does not contain spaces.","","","","","","","","","",,,,,"",,,,"Element.id",0,1,"",""
"RelatedPersonConsent","Consent.provision.data.extension","Consent.provision.data.extension","","extensions
user content","",0,*,"","","","Extension {[]} {[]}
","Additional content defined by implementations","May be used to represent additional information that is not part of the basic definition of the element. To make the use of extensions safe and manageable, there is a strict set of governance  applied to the definition and use of extensions. Though any implementer can define an extension, there is a set of requirements that SHALL be met as part of the definition of the extension.","There can be no stigma associated with the use of extensions by any application, project, or standard - regardless of the institution or jurisdiction that uses or defines the extensions.  The use of extensions is what allows the FHIR specification to retain a core level of simplicity for everyone.","","","","","","","","",,,,,"",,,,"Element.extension",0,*,"","ele-1:All FHIR elements must have a @value or children {hasValue() or (children().count() > id.count())}
ext-1:Must have either extensions or value[x], not both {extension.exists() != value.exists()}"
"RelatedPersonConsent","Consent.provision.data.modifierExtension","Consent.provision.data.modifierExtension","","extensions
user contentmodifiers","",0,*,"","Y","Y","Extension {[]} {[]}
","Extensions that cannot be ignored even if unrecognized","May be used to represent additional information that is not part of the basic definition of the element and that modifies the understanding of the element in which it is contained and/or the understanding of the containing element's descendants. Usually modifier elements provide negation or qualification. To make the use of extensions safe and manageable, there is a strict set of governance applied to the definition and use of extensions. Though any implementer can define an extension, there is a set of requirements that SHALL be met as part of the definition of the extension. Applications processing a resource are required to check for modifier extensions.

Modifier extensions SHALL NOT change the meaning of any elements on Resource or DomainResource (including cannot change the meaning of modifierExtension itself).","There can be no stigma associated with the use of extensions by any application, project, or standard - regardless of the institution or jurisdiction that uses or defines the extensions.  The use of extensions is what allows the FHIR specification to retain a core level of simplicity for everyone.","Modifier extensions allow for extensions that *cannot* be safely ignored to be clearly distinguished from the vast majority of extensions which can be safely ignored.  This promotes interoperability by eliminating the need for implementers to prohibit the presence of extensions. For further information, see the [definition of modifier extensions](http://hl7.org/fhir/R4/extensibility.html#modifierExtension).","","","","","","","",,,,,"",,,,"BackboneElement.modifierExtension",0,*,"","ele-1:All FHIR elements must have a @value or children {hasValue() or (children().count() > id.count())}
ext-1:Must have either extensions or value[x], not both {extension.exists() != value.exists()}"
"RelatedPersonConsent","Consent.provision.data.meaning","Consent.provision.data.meaning","","","",1,1,"","","Y","code {[]} {[]}
","instance | related | dependents | authoredby","How the resource reference is interpreted when testing consent restrictions.","","","","","","","","","",,"required","How a resource reference is interpreted when testing consent restrictions.","http://hl7.org/fhir/ValueSet/consent-data-meaning|4.0.1","",,,,"Consent.provision.data.meaning",1,1,"","ele-1:All FHIR elements must have a @value or children {hasValue() or (children().count() > id.count())}
"
"RelatedPersonConsent","Consent.provision.data.reference","Consent.provision.data.reference","","","",1,1,"","","Y","Reference {[]} {[CanonicalType[http://hl7.org/fhir/StructureDefinition/Resource|4.0.1]]}
","The actual data reference","A reference to a specific resource that defines which resources are covered by this consent.","","","","","","","","","",,,,,"",,,,"Consent.provision.data.reference",1,1,"","ele-1:All FHIR elements must have a @value or children {hasValue() or (children().count() > id.count())}
"
"RelatedPersonConsent","Consent.provision.provision","Consent.provision.provision","","","",0,*,"","","","null {[]} {[]}
","may indicate exceptions, specific rules disallowed","Rules which provide exceptions to the base rule or subrules.","","","","","","","","","",,,,,"",,,,"Consent.provision.provision",0,*,"","ele-1:All FHIR elements must have a @value or children {hasValue() or (children().count() > id.count())}
"
