{
  "resourceType": "ImplementationGuide",
  "id": "johnmoehrke.relatedpersonconsent.example",
  "text": {
    "status": "extensions",
    "div": "<div xmlns=\"http://www.w3.org/1999/xhtml\"><h2>JohnMoehrkeRelatedPersonConsent</h2><p>The official URL for this implementation guide is: </p><pre>http://johnmoehrke.github.io/RelatedPersonConsent/ImplementationGuide/johnmoehrke.relatedpersonconsent.example</pre><div><p>This Implementation Guide addresses RelatedPerson representative rational and authorization using a Consent resource.</p>\n</div></div>"
  },
  "url": "http://johnmoehrke.github.io/RelatedPersonConsent/ImplementationGuide/johnmoehrke.relatedpersonconsent.example",
  "version": "0.1.0",
  "name": "JohnMoehrkeRelatedPersonConsent",
  "title": "JohnMoehrke RelatedPerson Consent",
  "status": "draft",
  "date": "2022-06-17T07:29:17-05:00",
  "publisher": "John Moehrke (himself)",
  "contact": [
    {
      "name": "John Moehrke (himself)",
      "telecom": [
        {
          "system": "url",
          "value": "http://healthcaresecprivacy.blogspot.com"
        },
        {
          "system": "email",
          "value": "JohnMoehrke@gmail.com"
        }
      ]
    },
    {
      "name": "John Moehrke (himself)",
      "telecom": [
        {
          "system": "email",
          "value": "JohnMoehrke@gmail.com"
        }
      ]
    }
  ],
  "description": "This Implementation Guide addresses RelatedPerson representative rational and authorization using a Consent resource.",
  "jurisdiction": [
    {
      "coding": [
        {
          "system": "http://unstats.un.org/unsd/methods/m49/m49.htm",
          "code": "001"
        }
      ]
    }
  ],
  "packageId": "johnmoehrke.relatedpersonconsent.example",
  "license": "CC-BY-4.0",
  "fhirVersion": [
    "4.3.0"
  ],
  "dependsOn": [
    {
      "id": "hl7tx",
      "uri": "http://terminology.hl7.org/ImplementationGuide/hl7.terminology",
      "packageId": "hl7.terminology.r4",
      "version": "3.1.0"
    }
  ],
  "definition": {
    "resource": [
      {
        "extension": [
          {
            "url": "http://hl7.org/fhir/tools/StructureDefinition/resource-information",
            "valueString": "StructureDefinition:resource"
          }
        ],
        "reference": {
          "reference": "StructureDefinition/AuthorizedRelatedPerson"
        },
        "name": "Authorized RelatedPerson",
        "description": "A RelatedPerson that has been justified and authorized by the Patient.\n\n- The RelatedPerson.patient must be the same as the Consent.patient\n- The Consent.provision.agent.reference must be the same as the RelatedPerson.id\n- The Consent is authorizing (permit) the RelatedPerson, and is not expired.",
        "exampleBoolean": false
      },
      {
        "extension": [
          {
            "url": "http://hl7.org/fhir/tools/StructureDefinition/resource-information",
            "valueString": "StructureDefinition:resource"
          }
        ],
        "reference": {
          "reference": "StructureDefinition/RelatedPersonConsent"
        },
        "name": "Consent profile for a RelatedPerson relationship",
        "description": "This defines the constraints on a Consent to indicate that a Patient has agreed and authorizes a Related Person.\n\n- status - would indicate active\n- category - would indicate patient consent specifically a delegation of authority\n- patient - would indicate the Patient resource reference for the given patient\n- dateTime - would indicate when the privacy policy was presented\n- performer - would indicate the Patient resource if the patient was presented, a RelatedPerson for parent or guardian\n- organization - would indicate the Organization who presented the privacy policy, and which is going to enforce that privacy policy\n- source - would point at the specific signed consent by the patient\n- policy.uri - would indicate the privacy policy that was presented. Usually, the url to the version specific policy\n- provision.type - permit - given there is no way to deny, this would be fixed at permit.\n- provision.agent.reference - would indicate the RelatedPerson resource\n- provision.agent.role - would indicate this agent is delegated authority\n- provision.purpose - would indicate some set of authorized purposeOfUse",
        "exampleBoolean": false
      },
      {
        "extension": [
          {
            "url": "http://hl7.org/fhir/tools/StructureDefinition/resource-information",
            "valueString": "StructureDefinition:extension"
          }
        ],
        "reference": {
          "reference": "StructureDefinition/JFM-authorizingConsent"
        },
        "name": "Extension that points at an authorizing Consent",
        "description": "Used within a Resource to indicate that the activity enabled by the Resource is authorized by the Consent indicated. For example: Used within a RelatedParty to indicate the Consent the Patient has given authorizing the RelatedParty relationship to exist.",
        "exampleBoolean": false
      },
      {
        "extension": [
          {
            "url": "http://hl7.org/fhir/tools/StructureDefinition/resource-information",
            "valueString": "ValueSet"
          }
        ],
        "reference": {
          "reference": "ValueSet/AuthPurposesVS"
        },
        "name": "Authorization purposes for delegation access valueset",
        "description": "ValueSet of the Authorized purposesOfUse types",
        "exampleBoolean": false
      },
      {
        "extension": [
          {
            "url": "http://hl7.org/fhir/tools/StructureDefinition/resource-information",
            "valueString": "CodeSystem"
          }
        ],
        "reference": {
          "reference": "CodeSystem/AuthorizedCodes"
        },
        "name": "Consent type that is authorizing a RelatedPerson",
        "description": "CodeSystem for authorizing Consent types for a RelatedPerson",
        "exampleBoolean": false
      },
      {
        "extension": [
          {
            "url": "http://hl7.org/fhir/tools/StructureDefinition/resource-information",
            "valueString": "Consent"
          }
        ],
        "reference": {
          "reference": "Consent/ex-consent"
        },
        "name": "Simple Consent example",
        "description": "Consent justifying RelatedPerson and authorizing access by that RelatedPerson",
        "exampleCanonical": "http://johnmoehrke.github.io/RelatedPersonConsent/StructureDefinition/RelatedPersonConsent"
      },
      {
        "extension": [
          {
            "url": "http://hl7.org/fhir/tools/StructureDefinition/resource-information",
            "valueString": "Practitioner"
          }
        ],
        "reference": {
          "reference": "Practitioner/ex-doctor"
        },
        "name": "Practitioner example doctor",
        "description": "Practitioner example for the doctor.",
        "exampleBoolean": true
      },
      {
        "extension": [
          {
            "url": "http://hl7.org/fhir/tools/StructureDefinition/resource-information",
            "valueString": "DocumentReference"
          }
        ],
        "reference": {
          "reference": "DocumentReference/ex-documentreference"
        },
        "name": "DocumentReference Consent Paperwork example",
        "description": "DocumentReference example of the paperwork of the Consent",
        "exampleBoolean": true
      },
      {
        "extension": [
          {
            "url": "http://hl7.org/fhir/tools/StructureDefinition/resource-information",
            "valueString": "RelatedPerson"
          }
        ],
        "reference": {
          "reference": "RelatedPerson/ex-father"
        },
        "name": "Father - Related Person",
        "description": "Related Father of the Patient authorized by a Consent",
        "exampleCanonical": "http://johnmoehrke.github.io/RelatedPersonConsent/StructureDefinition/AuthorizedRelatedPerson"
      },
      {
        "extension": [
          {
            "url": "http://hl7.org/fhir/tools/StructureDefinition/resource-information",
            "valueString": "Organization"
          }
        ],
        "reference": {
          "reference": "Organization/ex-organization"
        },
        "name": "Example Organization holding the data",
        "description": "The Organization that holds the data, and enforcing any Consents",
        "exampleBoolean": true
      },
      {
        "extension": [
          {
            "url": "http://hl7.org/fhir/tools/StructureDefinition/resource-information",
            "valueString": "Patient"
          }
        ],
        "reference": {
          "reference": "Patient/ex-patient"
        },
        "name": "Patient example",
        "description": "Patient example for completeness sake.",
        "exampleBoolean": true
      }
    ],
    "page": {
      "nameUrl": "toc.html",
      "title": "Table of Contents",
      "generation": "html",
      "page": [
        {
          "nameUrl": "index.html",
          "title": "RelatedPerson Consent",
          "generation": "markdown"
        }
      ]
    },
    "parameter": [
      {
        "code": "copyrightyear",
        "value": "2022+"
      },
      {
        "code": "releaselabel",
        "value": "ci-build"
      },
      {
        "code": "path-resource",
        "value": "fsh-generated/resources"
      },
      {
        "code": "show-inherited-invariants",
        "value": "false"
      },
      {
        "code": "usage-stats-opt-out",
        "value": "false"
      },
      {
        "code": "logging",
        "value": "progress"
      },
      {
        "code": "shownav",
        "value": "true"
      },
      {
        "code": "active-tables",
        "value": "false"
      },
      {
        "code": "apply-contact",
        "value": "true"
      },
      {
        "code": "apply-jurisdiction",
        "value": "true"
      },
      {
        "code": "apply-publisher",
        "value": "true"
      },
      {
        "code": "apply-version",
        "value": "true"
      },
      {
        "code": "autoload-resources",
        "value": "true"
      },
      {
        "code": "path-resource",
        "value": "input/capabilities"
      },
      {
        "code": "path-resource",
        "value": "input/examples"
      },
      {
        "code": "path-resource",
        "value": "input/extensions"
      },
      {
        "code": "path-resource",
        "value": "input/models"
      },
      {
        "code": "path-resource",
        "value": "input/operations"
      },
      {
        "code": "path-resource",
        "value": "input/profiles"
      },
      {
        "code": "path-resource",
        "value": "input/resources"
      },
      {
        "code": "path-resource",
        "value": "input/vocabulary"
      },
      {
        "code": "path-resource",
        "value": "input/testing"
      },
      {
        "code": "path-resource",
        "value": "input/history"
      },
      {
        "code": "path-pages",
        "value": "template/config"
      },
      {
        "code": "path-pages",
        "value": "input/images"
      },
      {
        "code": "path-liquid",
        "value": "template/liquid"
      },
      {
        "code": "path-liquid",
        "value": "input/liquid"
      },
      {
        "code": "path-qa",
        "value": "temp/qa"
      },
      {
        "code": "path-temp",
        "value": "temp/pages"
      },
      {
        "code": "path-output",
        "value": "output"
      },
      {
        "code": "path-tx-cache",
        "value": "input-cache/txcache"
      },
      {
        "code": "path-suppressed-warnings",
        "value": "input/ignoreWarnings.txt"
      },
      {
        "code": "path-history",
        "value": "http://johnmoehrke.github.io/RelatedPersonConsent/history.html"
      },
      {
        "code": "template-html",
        "value": "template-page.html"
      },
      {
        "code": "template-md",
        "value": "template-page-md.html"
      },
      {
        "code": "apply-context",
        "value": "true"
      },
      {
        "code": "apply-copyright",
        "value": "true"
      },
      {
        "code": "apply-license",
        "value": "true"
      },
      {
        "code": "fmm-definition",
        "value": "http://hl7.org/fhir/versions.html#maturity"
      },
      {
        "code": "propagate-status",
        "value": "true"
      },
      {
        "code": "excludelogbinaryformat",
        "value": "true"
      }
    ]
  }
}