{
  "resourceType": "RelatedPerson",
  "id": "ex-father",
  "meta": {
    "profile": [
      "http://johnmoehrke.github.io/RelatedPersonConsent/StructureDefinition/AuthorizedRelatedPerson"
    ],
    "security": [
      {
        "system": "http://terminology.hl7.org/CodeSystem/v3-ActReason",
        "code": "HTEST"
      }
    ]
  },
  "text": {
    "status": "extensions",
    "div": "<div xmlns=\"http://www.w3.org/1999/xhtml\"><p><b>Generated Narrative</b></p><div style=\"display: inline-block; background-color: #d9e0e7; padding: 6px; margin: 4px; border: 1px solid #8da1b4; border-radius: 5px; line-height: 60%\"><p style=\"margin-bottom: 0px\">Resource \"ex-father\" </p><p style=\"margin-bottom: 0px\">Profile: <a href=\"StructureDefinition-AuthorizedRelatedPerson.html\">Authorized RelatedPerson</a></p><p style=\"margin-bottom: 0px\">Security Labels: <span title=\"{http://terminology.hl7.org/CodeSystem/v3-ActReason http://terminology.hl7.org/CodeSystem/v3-ActReason}\">http://terminology.hl7.org/CodeSystem/v3-ActReason</span></p></div><p><b>Extension that points at an authorizing Consent</b>: <a href=\"Consent-ex-consent.html\">Consent/ex-consent</a></p><p><b>active</b>: true</p><p><b>patient</b>: <a href=\"Patient-ex-patient.html\">Patient/ex-patient</a> \" SCHMIDT\"</p><p><b>relationship</b>: father <span style=\"background: LightGoldenRodYellow; margin: 4px; border: 1px solid khaki\"> (<a href=\"http://terminology.hl7.org/3.1.0/CodeSystem-v3-RoleCode.html\">RoleCode</a>#FTH)</span></p><p><b>name</b>: John Jacob Jingleheimer Schmidt (OFFICIAL)</p><p><b>gender</b>: male</p></div>"
  },
  "extension": [
    {
      "url": "http://johnmoehrke.github.io/RelatedPersonConsent/StructureDefinition/JFM-authorizingConsent",
      "valueReference": {
        "reference": "Consent/ex-consent"
      }
    }
  ],
  "active": true,
  "patient": {
    "reference": "Patient/ex-patient"
  },
  "relationship": [
    {
      "coding": [
        {
          "system": "http://terminology.hl7.org/CodeSystem/v3-RoleCode",
          "code": "FTH",
          "display": "father"
        }
      ]
    }
  ],
  "name": [
    {
      "use": "official",
      "family": "Schmidt",
      "given": [
        "John",
        "Jacob",
        "Jingleheimer"
      ]
    }
  ],
  "gender": "male"
}